,company_name,job_title,level,location,salary_max,salary_min,tags
0,"Data Wow Co.,Ltd","Full-stack Developer - Ruby on Rails, ReactJS","Senior-Level, Full time", - พระโขนง กรุงเทพมหานคร,150000,50000,"#aws,#mongodb,#react,#rspec,#ruby-on-rails"
1,"Finnomena.Co.,Ltd.",Full Stack Developer,"Entry-Level, Full time", - บางรัก กรุงเทพมหานคร,55000,45000,"#css3,#golang,#html,#javascript,#sql"
2,ViaBus,Android Developer,"Entry-Level, Full time", - ปทุมวัน กรุงเทพมหานคร,50000,25000,"#android,#java,#kotlin"
3,ViaBus,iOS Developer,"Entry-Level, Full time", - ปทุมวัน กรุงเทพมหานคร,50000,25000,"#ios,#objective-c,#swift"
4,ViaBus,Full Stack Engineer,"Entry-Level, Full time", - ปทุมวัน กรุงเทพมหานคร,50000,25000,"#javascript,#php,#vuejs,#web-development"
5,Oozou,Android Developer,"Senior-Level, Full time", - วัฒนา กรุงเทพมหานคร,130000,50000,"#android,#java,#kotlin"
6,Oozou,Javascript Developer – alert('apply now!');,"Senior-Level, Full time", - วัฒนา กรุงเทพมหานคร,130000,50000,"#javascript,#nodejs,#react,#reactjs,#redux"
7,Varisoft,Game Designer นักออกแบบเกม,"Middle-Level, Full time", - คลองเตย กรุงเทพมหานคร,35000,18000,#gamedevelopment
8,ARIS,Full Stack Developer,"Entry-Level, Full time", - สาทร กรุงเทพมหานคร,50000,30000,"#elastic-search,#javascript,#nodejs"
9,ARIS,Business Developer,"Entry-Level, Full time", - สาทร กรุงเทพมหานคร,40000,25000,"#business,#ecommerce,#livestream,#sales"
10,"Magic Box Asia Co., Ltd.",Revenue Manager,"Senior-Level, Full time", - บางรัก กรุงเทพมหานคร,50000,25000,"#negotiation,#presentation,#problem-solving,#sales"
11,"Magic Box Asia Co., Ltd.",Frontend Developer (React Native/ReactJs),"Entry-Level, Full time", - บางรัก กรุงเทพมหานคร,35000,20000,"#frontend,#react,#react-native,#reactjs"
12,"Defense Me Co.,Ltd.",Frontend Developer (React Native or Angular),"Middle-Level, Full time", - จตุจักร กรุงเทพมหานคร,35000,25000,"#css3,#javascript,#webapp"
13,"BYI Co, Ltd.",Programmer & Web Developer (C#),"Entry-Level, Full time", - พญาไท กรุงเทพมหานคร,50000,18000,"#asp.net,#c-sharp,#entity-framework,#sql-server,#web-service"
14,ConvoLab,Full-Stack Developer,"Entry-Level, Full time", - พญาไท กรุงเทพมหานคร,65000,30000,"#elastic-search,#javascript,#nodejs,#typescript"
15,"30 SecondsToFly Co., Ltd.",Junior Node Developer,"Entry-Level, Full time", - พระโขนง กรุงเทพมหานคร,55000,33000,"#microservices,#nodejs,#postgresql,#redis,#unittest"
16,Niceloop,Frontend Developer,"Entry-Level, Full time", - ห้วยขวาง กรุงเทพมหานคร,35000,20000,"#android,#aws,#javascript,#nodejs,#reactjs"
17,ConvoLab,Sales Executives / Account Manager,"Middle-Level, Full time", - พญาไท กรุงเทพมหานคร,70000,35000,"#business,#businessdevelopment,#marketing,#sales"
18,ConvoLab,QA Engineer,"Entry-Level, Full time", - พญาไท กรุงเทพมหานคร,38000,24000,"#javascript,#puppeteer,#selenium,#testscript"
19,"Leoxia Co., Ltd.",Web Developer,"Middle-Level, Full time", - วัฒนา กรุงเทพมหานคร,50000,25000,"#asp.net,#c++,#c-sharp,#javascript,#typescript"
20,T2P Company Limited,Senior Mobile Developer (iOS),"Senior-Level, Full time", - วัฒนา กรุงเทพมหานคร,70000,40000,"#ios,#mvvm,#objective-c,#swift,#tdd"
21,T2P Company Limited,Senior Mobile Developer (Android),"Senior-Level, Full time", - วัฒนา กรุงเทพมหานคร,70000,40000,"#android,#java,#kotlin,#mvvm,#tdd"
22,T2P Company Limited,Senior / Middle Quality Assurance,"Senior-Level, Full time", - วัฒนา กรุงเทพมหานคร,50000,30000,"#automate,#jenkins,#manual,#test-case,#tester"
23,T2P Company Limited,Senior / Middle Developer,"Senior-Level, Full time", - วัฒนา กรุงเทพมหานคร,80000,30000,"#golang,#php,#tdd"
24,T2P Company Limited,Sale Executive,"Middle-Level, Full time", - วัฒนา กรุงเทพมหานคร,40000,20000,"#business,#collaboration,#presentation,#sales"
25,Onedaycat,UX Designer (Mobile app และ Web),"Middle-Level, Full time", - พระโขนง กรุงเทพมหานคร,80000,50000,"#affinity,#designer,#illustrator,#photoshop,#sketch"
26,Onedaycat,Frontend Developer (Vue),"Middle-Level, Full time", - พระโขนง กรุงเทพมหานคร,70000,30000,"#html,#html5,#javascript,#nodejs,#vuejs"
27,Onedaycat,Backend developer (Golang),"Middle-Level, Full time", - พระโขนง กรุงเทพมหานคร,70000,30000,"#ci-cd,#docker,#golang,#kubernetes,#nodejs"
28,T2P Company Limited,Project Manager,"Senior-Level, Full time", - วัฒนา กรุงเทพมหานคร,60000,40000,"#communication,#problem-solving,#project-management"
29,T2P Company Limited,Business Development Specialist,"Senior-Level, Full time", - วัฒนา กรุงเทพมหานคร,70000,50000,"#collaboration,#communication,#leadership,#problem-solving,#project-management"
30,Taamkru Ltd.,Software Engineer,"Middle-Level, Full time", - วัฒนา กรุงเทพมหานคร,40000,24000,"#javascript,#mysql,#python,#react,#react-native"
31,Tourkrub,Front-End Developer (Urgent!!!!),"Middle-Level, Full time", - วัฒนา กรุงเทพมหานคร,70000,20000,"#github,#javascript,#nodejs,#react-native,#ruby-on-rails"
32,T2P Company Limited,Application Support,"Middle-Level, Full time", - วัฒนา กรุงเทพมหานคร,30000,25000,"#crm,#pos"
33,"LTMAN Co.,Ltd.",Software Engineer - Native Mobile Developer,"Entry-Level, Full time", - ปทุมวัน กรุงเทพมหานคร,75000,25000,"#developer,#software-development"
34,"Qapstone Consulting Group Recruitment Co., Ltd.",PHP Developer,"Middle-Level, Full time", - ห้วยขวาง กรุงเทพมหานคร,60000,40000,
35,"Qapstone Consulting Group Recruitment Co., Ltd.",iOS / Android Developer upto 80k,"Middle-Level, Full time", - วัฒนา กรุงเทพมหานคร,80000,35000,
36,"Qapstone Consulting Group Recruitment Co., Ltd.",Application support,"Middle-Level, Full time", - วัฒนา กรุงเทพมหานคร,30000,25000,
37,ConvoLab,NodeJS Developer,"Entry-Level, Full time", - พญาไท กรุงเทพมหานคร,48000,28000,"#devops,#javascript,#kubernetes,#nodejs,#typescript"
38,ConvoLab,Frontend Developer,"Entry-Level, Full time", - พญาไท กรุงเทพมหานคร,48000,25000,"#javascript,#nodejs,#react,#reactjs,#typescript"
39,"Electronics Extreme Co.,Ltd",Unity Developer,"Entry-Level, Full time", - เมืองนนทบุรี นนทบุรี,55000,25000,
40,"Electronics Extreme Co.,Ltd",Senior Database Administrator,"Entry-Level, Full time", - เมืองนนทบุรี นนทบุรี,50000,25000,
41,"Electronics Extreme Co.,Ltd",Senior Web Developer,"Entry-Level, Full time", - เมืองนนทบุรี นนทบุรี,55000,25000,#php
42,Panyatara Company Limited,Digital Learning Developer,"Middle-Level, Full time", - ปากเกร็ด นนทบุรี,30000,18000,
43,"Donuts Bangkok Co., Ltd.",Front-End / Back-End Developer,"Entry-Level, Full time", - ห้วยขวาง กรุงเทพมหานคร,50000,25000,"#database-development,#databasedesign,#golang,#ruby-on-rails,#server"
44,"Donuts Bangkok Co., Ltd.",Full-Stack Developer,"Entry-Level, Full time", - ห้วยขวาง กรุงเทพมหานคร,50000,25000,"#aws,#git,#laravel,#php,#rubu"
45,Getlinks (On behalf of our partners),Sr. Software Engineer-Front-end/Full Stack,"Senior-Level, Full time", - บางพลัด กรุงเทพมหานคร,100000,60000,"#css,#html,#javascript,#react,#restful"
46,"Box24 Co., Ltd.",iOS Developer,"Middle-Level, Full time", - พญาไท กรุงเทพมหานคร,55000,35000,"#auto-layout,#mvvm,#objective-c,#swift"
47,WISESIGHT HQ (Thailand),Software Engineering (New grads),"Entry-Level, Full time", - จตุจักร กรุงเทพมหานคร,45000,25000,"#javascript,#mongodb,#mysql,#php,#python"
48,"Liclass Education.Co.,Ltd",Senior iOS developer,"Senior-Level, Full time", - ศรีราชา ชลบุรี,45000,35000,"#git,#ios,#problem-solving,#programming,#swift"
49,O-PLUS,โปรแกรมเมอร์ (Web Developer),"Entry-Level, Full time", - ปทุมวัน กรุงเทพมหานคร,50000,40000,"#c-sharp,#css,#git,#html,#javascript"
50,Beehive,PHP Developer,"Entry-Level, Full time", - จตุจักร กรุงเทพมหานคร,40000,18000,"#agile,#bootstrap,#codeigniter,#javascript,#php"
51,True E-Logistics,Mobile Developer (IOS/Android),"Senior-Level, Full time", - พระโขนง กรุงเทพมหานคร,100000,25000,"#android,#ios,#kotlin,#mobile,#swift"
52,True E-Logistics,Fullstack Developer,"Senior-Level, Full time", - พระโขนง กรุงเทพมหานคร,100000,25000,"#docker,#golang,#microservices,#nodejs,#react"
53,Executive Marketing Services,รับสมัคร IT-Support (สื่อสารภาษาญี่ปุ่นได้),"Middle-Level, Contract", - บางพลี สมุทรปราการ,49998,40000,"#network,#support"
54,"NTT Data (Thailand) Co., Ltd.",Junior Programmer,"Entry-Level, Full time", - ปากเกร็ด นนทบุรี,30000,20000,#java
55,Pi R Square,Senior Full Stack Developer,"Senior-Level, Full time", - ห้วยขวาง กรุงเทพมหานคร,80000,35000,
56,Pi R Square,Senior Designer,"Senior-Level, Full time", - ห้วยขวาง กรุงเทพมหานคร,60000,40000,"#illustrator,#photoshop,#ui,#ux-ui"
57,Pi R Square,Project Manager,"Middle-Level, Full time", - ห้วยขวาง กรุงเทพมหานคร,45000,25000,"#communication,#management,#problem-solving"
58,Pi R Square,Senior QA,"Senior-Level, Full time", - ห้วยขวาง กรุงเทพมหานคร,50000,35000,"#management,#test-case,#test-plan,#testing"
59,KIS International School,ICT System Support Administrator,"Entry-Level, Full time", - ห้วยขวาง กรุงเทพมหานคร,30000,25000,
60,T2P Company Limited,Senior / Middle Developer,"Senior-Level, Full time", - วัฒนา กรุงเทพมหานคร,80000,30000,"#golang,#php,#tdd"
61,Pi R Square,iOS Developer,"Middle-Level, Full time", - ห้วยขวาง กรุงเทพมหานคร,50000,30000,"#ios,#swift"
62,Pi R Square,Database Analyst,"Middle-Level, Full time", - ห้วยขวาง กรุงเทพมหานคร,40000,25000,"#mongodb,#mysql,#sql"
63,Pi R Square,Backend / Server Side Developer,"Middle-Level, Full time", - ห้วยขวาง กรุงเทพมหานคร,40000,20000,"#angularjs,#nodejs,#php,#react"
64,"Magnetolabs Co., Ltd.",Digital Planner (Inbound Marketer),"Entry-Level, Full time", - บางรัก กรุงเทพมหานคร,35000,17000,"#contentmarketing,#digitalmarketing,#inboundmarketing,#marketing,#planner"
65,"Magnetolabs Co., Ltd.","Digital Content Writer (Junior, Senior)","Entry-Level, Full time", - บางรัก กรุงเทพมหานคร,28000,16000,"#blogging,#content,#seo,#writing"
66,"Magnetolabs Co., Ltd.","Account Executive (Junior, Senior)","Entry-Level, Full time", - บางรัก กรุงเทพมหานคร,35000,20000,"#communication,#pitching,#presentation,#sales,#service"
67,"ReadyPlanet Co., Ltd.","Software Developer (React, NodesJs)","Entry-Level, Full time", - ดินแดง กรุงเทพมหานคร,40000,30000,"#css,#html,#javascript,#nodejs,#react"
68,Digital Connect Ltd.,IT & Marketing Asst. Manager,"Middle-Level, Full time", - สวนหลวง กรุงเทพมหานคร,70000,40000,
69,Digital Connect Ltd.,Frontend Developer & Software Engineer,"Entry-Level, Contract", - สวนหลวง กรุงเทพมหานคร,50000,20000,"#php,#reactjs,#redux"
70,Clicknext,"Programmer (C#, ASP.Net, PHP)","Entry-Level, Full time", - พญาไท กรุงเทพมหานคร,45000,20000,
71,Clicknext,iOS หรือ Android Programmer,"Entry-Level, Full time", - พญาไท กรุงเทพมหานคร,45000,20000,
72,Clicknext,Full Stack Developer,"Entry-Level, Full time", - พญาไท กรุงเทพมหานคร,45000,20000,
73,HOME dot TECH,Website manager,"Middle-Level, Full time", - จตุจักร กรุงเทพมหานคร,55000,45000,"#c-sharp,#css,#html5,#php"
74,"Digital Ventures Co., Ltd.",Java Developer,"Entry-Level, Full time", - คลองเตย กรุงเทพมหานคร,90000,25000,
75,DailiTech,Cloud Solution Engineer - AWS (Junior/Senior),"Entry-Level, Full time", - ราชเทวี กรุงเทพมหานคร,40000,20000,"#aws,#cloud-engineer,#engineering,#software-engineer"
76,Boonmee Lab,Software Engineer,"Middle-Level, Full time", - บางรัก กรุงเทพมหานคร,50000,30000,"#elastic-search,#mongodb,#nodejs,#vuejs"
77,"Wild Sky Media Co., Ltd.",Student Intern 2019 / ฝึกงานไอที-โปรแกรมเมอร์,"Entry-Level, Internship", - สาทร กรุงเทพมหานคร,1000,1000,"#java,#php,#python,#react"
78,"Just Media (Thailand) Co., Ltd",Front-end Developer,"Entry-Level, Full time", - สวนหลวง กรุงเทพมหานคร,60000,30000,"#angularjs,#laravel,#php,#react,#vuejs"
79,"BluePI Co., Ltd.",HR Recruiter,"Entry-Level, Full time", - สาทร กรุงเทพมหานคร,50000,25000,#recruitment
80,MyWorkpapers,Senior Full Stack Developers,"Senior-Level, Full time", - ปทุมวัน กรุงเทพมหานคร,120000,90000,"#angular,#c-sharp,#dotnet,#entityframework,#javascript"
81,MyWorkpapers,Experienced Front End Developers,"Senior-Level, Full time", - ปทุมวัน กรุงเทพมหานคร,90000,70000,"#angular,#frontend,#html5,#javascript,#vuejs"
82,Metamedia Technology,Junior Programmer / Developer,"Entry-Level, Full time", - บางรัก กรุงเทพมหานคร,40000,24000,"#java,#javascript,#kotlin,#php,#swift"
83,"GDL Group Co., Ltd",PLSQL Developer,"Middle-Level, Full time", -  กรุงเทพมหานคร,55000,40000,
84,"GDL Group Co., Ltd",Frontend Developer,"Middle-Level, Full time", -  กรุงเทพมหานคร,35000,20000,
85,"GDL Group Co., Ltd",Java Developer,"Middle-Level, Full time", -  กรุงเทพมหานคร,55000,30000,
86,Thaivivat Insurance Public Company Limited,Backend developer,"Senior-Level, Full time", - พญาไท กรุงเทพมหานคร,70000,40000,"#docker,#javascript,#nodejs"
87,Thaivivat Insurance Public Company Limited,iOS developer,"Middle-Level, Full time", - พญาไท กรุงเทพมหานคร,70000,30000,"#objective-c,#swift"
88,Codemate Ltd.,React Developer,"Entry-Level, Full time", - ห้วยขวาง กรุงเทพมหานคร,100000,40000,#react
89,Backyard,Junior Back-End Engineer,"Entry-Level, Full time", - สาทร กรุงเทพมหานคร,30000,20000,"#flask,#html,#python"
90,"BluePI Co., Ltd.",Software Engineer,"Entry-Level, Full time", - สาทร กรุงเทพมหานคร,100000,50000,"#golang,#java,#web-api,#web-design,#web-service-development"
91,Codemate Ltd.,"Android, IOS, Hybrid Mobile Developer","Entry-Level, Full time", - ห้วยขวาง กรุงเทพมหานคร,100000,40000,"#android,#flutter,#ios,#kotlin,#react-native"
92,NeuMerlin Group,Front-End Developer,"Entry-Level, Full time", - พญาไท กรุงเทพมหานคร,40000,25000,
93,NeuMerlin Group,Back-End/JAVA Developer,"Entry-Level, Full time", - พญาไท กรุงเทพมหานคร,40000,25000,
94,Nanameue Inc.,"iOS / Android Mobile Developer (Tokyo, Japan)","Middle-Level, Full time", - พระโขนง กรุงเทพมหานคร,250000,80000,"#android,#git,#ios,#kotlin,#swift"
95,Nanameue Inc.,"Ruby-on-Rails Developer (Tokyo, Japan)","Senior-Level, Full time", - พระโขนง กรุงเทพมหานคร,250000,80000,"#aws,#mysql,#postgresql,#redis,#ruby-on-rails"
96,Nanameue Inc.,"Frontend Developer - React.js (Tokyo, Japan)","Middle-Level, Full time", - พระโขนง กรุงเทพมหานคร,250000,80000,"#css,#html,#javascript,#react,#reactjs"
97,"SUFFIX CO.,LTD",Website Tester & Support,"Entry-Level, Full time", - วัฒนา กรุงเทพมหานคร,40000,20000,"#robotframework,#unittest"
98,"CodeMobiles Co.,Ltd.",Web Developer (ด่วน!),"Middle-Level, Full time", - บางคอแหลม กรุงเทพมหานคร,50000,20000,"#angular,#angularjs,#bootstrap,#mysql,#nodejs"
99,"CodeMobiles Co.,Ltd.",IT Support POS System (ด่วน!),"Entry-Level, Full time", - บางคอแหลม กรุงเทพมหานคร,35000,15000,"#network,#pos,#support"
100,"SUFFIX CO.,LTD",Back-end Developer,"Entry-Level, Full time", - วัฒนา กรุงเทพมหานคร,60000,25000,"#java,#javascript,#laravel,#php,#wordpress"
101,Mirum (Thailand),Mobile Application Developer,"Entry-Level, Full time", - คลองเตย กรุงเทพมหานคร,30000,18000,"#ajax,#html5,#java,#json,#react-native"
102,Computerlogy,"Software Engineer, Cloud Infrastructure","Entry-Level, Full time", - ศรีราชา ชลบุรี,40000,20000,"#aws,#ci-cd,#docker,#gcp,#linux"
103,Computerlogy,Software Developer / Programmer Backend,"Entry-Level, Full time", - ศรีราชา ชลบุรี,50000,20000,
104,Metamedia Technology,Junior Programmer / Developer,"Entry-Level, Full time", - บางรัก กรุงเทพมหานคร,40000,24000,"#java,#javascript,#kotlin,#php,#swift"
105,Backyard,Junior Front-End Engineer,"Entry-Level, Full time", - สาทร กรุงเทพมหานคร,30000,20000,"#css,#html,#javascript,#vuejs,#web-service"
106,Computerlogy,Mobile Clients - iOS || Android,"Entry-Level, Full time", - ศรีราชา ชลบุรี,40000,20000,
107,Mirum (Thailand),Front End Developer,"Entry-Level, Full time", - คลองเตย กรุงเทพมหานคร,30000,18000,"#angularjs,#git,#jquery,#react,#subversion"
108,CMO Public Company Limited,Web Application Developer,"Entry-Level, Full time", - บึงกุ่ม กรุงเทพมหานคร,40000,25000,"#angularjs,#firebase,#ionic,#php,#sql"
109,CMO Public Company Limited,Front-End Developer,"Entry-Level, Full time", - บึงกุ่ม กรุงเทพมหานคร,35000,22000,"#angularjs,#css3,#html5,#jquery,#php"
110,"Xcellence Corporation Co., Ltd.",Senior SQL Developer / SQL Developer,"Senior-Level, Full time", - ลาดพร้าว กรุงเทพมหานคร,50000,18000,
111,"Xcellence Corporation Co., Ltd.",Senior ERP Implementer / ERP Implementer,"Entry-Level, Full time", - ลาดพร้าว กรุงเทพมหานคร,40000,18000,
112,"Xcellence Corporation Co., Ltd.",Senior C# Developer /  C# Developer,"Entry-Level, Full time", - ลาดพร้าว กรุงเทพมหานคร,50000,18000,
113,"Icon Framework co.,Ltd.",Tester,"Entry-Level, Full time", - พระโขนง กรุงเทพมหานคร,35000,25000,
114,"magzune co., ltd.","รับโปรแกรมเมอร์ PHP, .NET, Android Studio","Entry-Level, Full time", - จตุจักร กรุงเทพมหานคร,30000,20000,"#css,#html5,#javascript,#net,#php"
115,"ReadyPlanet Co., Ltd.","Software Developer (VueJS, NodesJS, PHP)","Entry-Level, Full time", - ดินแดง กรุงเทพมหานคร,25000,20000,"#mysql,#nodejs,#php,#responsivedesign,#vuejs"
116,Jelly.in.th,Sales & Account Executive - Media & Ads,"Entry-Level, Full time", - พระโขนง กรุงเทพมหานคร,50000,15000,"#account-management,#businessdevelopment,#sales,#seo,#social-media-marketing"
117,Jelly.in.th,Graphic Designer - Online & Offline Media,"Entry-Level, Full time", - พระโขนง กรุงเทพมหานคร,50000,20000,"#after-effect,#graphic-design,#illustrator,#photoshop,#premiere-pro"
118,Jelly.in.th,Content Writer & Editor - Beauty & Lifestyle,"Entry-Level, Full time", - พระโขนง กรุงเทพมหานคร,25000,12000,"#content,#contentmarketing,#marketing,#social-media-marketing,#writing"
119,"Bighead Creative Co.,ltd.",Developers จำนวน 3 ท่าน,"Middle-Level, Full time", - ลำลูกกา ปทุมธานี,70000,25000,
120,"Socket 9 Co., Ltd.",Senior Back-end web developer,"Senior-Level, Full time", -  กรุงเทพมหานคร,50000,35000,"#c-sharp,#golang,#php"
121,SCB10X,Data and Insights Analyst,"Entry-Level, Full time", - จตุจักร กรุงเทพมหานคร,99999,29999,
122,Gummy Bear Tech Recruitment,Junior to Mid-Level DevOps Engineer (Max 65k),"Entry-Level, Full time", -  กรุงเทพมหานคร,65000,45000,"#aws,#kubernetes,#linux"
123,"Data Wow Co.,Ltd","Software Developer Bootcamp, YoungWow Program","Entry-Level, Contract", - พระโขนง กรุงเทพมหานคร,30000,30000,"#css,#html,#react,#ruby,#ruby-on-rails"
124,"Data Wow Co.,Ltd","Full-stack Developer - Ruby on Rails, ReactJS","Senior-Level, Full time", - พระโขนง กรุงเทพมหานคร,150000,50000,"#aws,#mongodb,#react,#rspec,#ruby-on-rails"
125,"Data Wow Co.,Ltd",Receptionist & Administrator,"Entry-Level, Full time", - พระโขนง กรุงเทพมหานคร,30000,12000,"#admin,#microsoftoffice,#reception,#report,#secretary"
126,"Data Wow Co.,Ltd",Full-stack Python Developer,"Middle-Level, Full time", - พระโขนง กรุงเทพมหานคร,100000,30000,"#deeplearning,#machine-learning,#mongodb,#mysql,#python"
127,"Data Wow Co.,Ltd",Project Manager - Agile Mobile Development,"Middle-Level, Full time", - พระโขนง กรุงเทพมหานคร,100000,50000,"#agile,#jira,#kotlin,#project-management,#swift"
128,"Data Wow Co.,Ltd",iOS / Android Mobile Developer,"Senior-Level, Full time", - พระโขนง กรุงเทพมหานคร,120000,50000,"#android,#git,#ios,#kotlin,#swift"
129,"Data Wow Co.,Ltd",Frontend Developer - ReactJS,"Middle-Level, Full time", - พระโขนง กรุงเทพมหานคร,100000,30000,"#ajax,#css,#html,#javascript,#reactjs"
130,"Data Wow Co.,Ltd",Data Engineer / Scientist - Deep Learning,"Middle-Level, Full time", - พระโขนง กรุงเทพมหานคร,180000,40000,"#aws,#data-science,#machine-learning,#mongodb,#python"
131,Impressius,Product Development Engineer,"Entry-Level, Full time", - พระโขนง กรุงเทพมหานคร,26000,20000,#solidworks
132,"THiNKNET Co., Ltd.",Software Engineer (Web / Mobile Developer),"Middle-Level, Full time", - บางรัก กรุงเทพมหานคร,50000,25000,"#laravel,#nodejs,#php,#react,#reactnative"
133,"Wild Sky Media Co., Ltd.",QA Analyst - Software Quality Assurance,"Entry-Level, Full time", - สาทร กรุงเทพมหานคร,45000,35000,"#agile,#jira,#manual"
134,"Wild Sky Media Co., Ltd.",Front End Developer-Software Engineer : React,"Middle-Level, Full time", - สาทร กรุงเทพมหานคร,90000,55000,"#css,#html,#javascript,#react"
135,"30 SecondsToFly Co., Ltd.",Junior React Developer,"Middle-Level, Full time", - พระโขนง กรุงเทพมหานคร,55000,30000,"#docker,#frontend,#javascript,#react,#unittest"
136,"30 SecondsToFly Co., Ltd.",Product Owner,"Entry-Level, Full time", - พระโขนง กรุงเทพมหานคร,110000,85000,"#analytics,#product-design,#project-management"
137,"30 SecondsToFly Co., Ltd.",Junior Python Developer,"Middle-Level, Full time", - พระโขนง กรุงเทพมหานคร,50000,30000,"#chatbot,#flask,#postgresql,#python,#unittest"
138,"30 SecondsToFly Co., Ltd.",Junior Node Developer,"Entry-Level, Full time", - พระโขนง กรุงเทพมหานคร,55000,33000,"#microservices,#nodejs,#postgresql,#redis,#unittest"
139,"30 SecondsToFly Co., Ltd.",Senior Data Scientist,"Senior-Level, Full time", - พระโขนง กรุงเทพมหานคร,125000,100000,"#data-science,#machine-learning,#postgresql,#python,#research"
140,"30 SecondsToFly Co., Ltd.",Senior GDS Developer,"Senior-Level, Full time", - พระโขนง กรุงเทพมหานคร,95000,75000,"#amadeus,#gds,#nodejs,#sabre,#unittest"
141,"30 SecondsToFly Co., Ltd.",Senior NLP Developer,"Senior-Level, Full time", - พระโขนง กรุงเทพมหานคร,125000,100000,"#chatbot,#docker,#nlp,#postgresql,#tdd"
142,"30 SecondsToFly Co., Ltd.",Senior Node Developer,"Senior-Level, Full time", - พระโขนง กรุงเทพมหานคร,95000,75000,"#api,#microservices,#nodejs,#postgresql,#redis"
143,"30 SecondsToFly Co., Ltd.",Sr. Quality Assurance Engineer,"Senior-Level, Full time", - พระโขนง กรุงเทพมหานคร,60000,50000,"#automatedtest,#docker,#testscript"
144,"30 SecondsToFly Co., Ltd.",UI / UX designer,"Middle-Level, Full time", - พระโขนง กรุงเทพมหานคร,80000,60000,"#adobe,#sketch,#ux-ui,#zeplin"
145,Backyard,Business Analyst,"Entry-Level, Full time", - สาทร กรุงเทพมหานคร,30000,20000,"#analytics,#business,#businessdevelopment,#data-science,#marketing"
146,Backyard,Software Tester,"Entry-Level, Full time", - สาทร กรุงเทพมหานคร,25000,20000,"#analytic,#businessdevelopment,#problem-solving,#software-development,#tester"
147,"Sobtid Edutainment Co., Ltd.",Sales Representative (Urgent),"Entry-Level, Full time", - จตุจักร กรุงเทพมหานคร,35000,15000,#salesforce
148,"Syscom Computer (Thailand) Co.,Ltd.",System Engineer,"Middle-Level, Full time", - บางรัก กรุงเทพมหานคร,40000,25000,
149,Chinnawat Panmongkol,Front-end Developer (React),"Entry-Level, Full time", - บางกะปิ กรุงเทพมหานคร,50000,23000,"#javascript,#react,#redux"
150,Chinnawat Panmongkol,Back-end Developer (Node.js),"Entry-Level, Full time", - บางกะปิ กรุงเทพมหานคร,50000,23000,"#nestjs,#nodejs,#typescript"
151,"OSS STAX Co., Ltd.",Software Engineer,"Middle-Level, Full time", - จตุจักร กรุงเทพมหานคร,60000,40000,"#git,#java,#javascript,#sql"
152,Locus Telecommunication Inc. Ltd.,System Engineer,"Middle-Level, Full time", - ห้วยขวาง กรุงเทพมหานคร,45000,25000,"#server,#unix,#windowserver"
153,Locus Telecommunication Inc. Ltd.,Network Engineer,"Middle-Level, Full time", - ห้วยขวาง กรุงเทพมหานคร,45000,25000,#network
154,Locus Telecommunication Inc. Ltd.,Lead Business Analyst,"Senior-Level, Full time", - ห้วยขวาง กรุงเทพมหานคร,90000,60000,
155,"Integra8t Co.,Ltd.",Software Tester,"Entry-Level, Full time", - วังทองหลาง กรุงเทพมหานคร,45000,25000,
156,"Integra8t Co.,Ltd.",Software Developer / Programmer,"Entry-Level, Full time", - วังทองหลาง กรุงเทพมหานคร,45000,20000,"#java,#javascript,#native,#objective-c,#react-native"
157,"Integra8t Co.,Ltd.",Business Analyst,"Entry-Level, Full time", - วังทองหลาง กรุงเทพมหานคร,45000,25000,
158,"Scale360 Co., Ltd.",Front-end Developer (Middle/Senior/Lead),"Middle-Level, Full time", - คลองเตย กรุงเทพมหานคร,75000,25000,"#react-native,#reactjs,#redux"
159,"THiNKNET Co., Ltd.",Front-End Developer,"Entry-Level, Full time", - บางรัก กรุงเทพมหานคร,40000,25000,"#css,#html5,#react,#react-native,#scss"
160,"THiNKNET Co., Ltd.",Software Quality Assurance (Automation Test),"Middle-Level, Full time", - บางรัก กรุงเทพมหานคร,35000,23000,"#katalon,#robotframework,#selenium"
161,"THiNKNET Co., Ltd.",Senior Software Engineer (Senior Web Develope,"Senior-Level, Full time", - บางรัก กรุงเทพมหานคร,70000,35000,"#kubernetes,#nodejs,#react,#react-native"
162,"THiNKNET Co., Ltd.",Site Reliability Engineer,"Middle-Level, Full time", - บางรัก กรุงเทพมหานคร,50000,25000,"#aws,#docker,#kubernetes,#network"
163,"Scale360 Co., Ltd.",Software Research Developer,"Middle-Level, Full time", - คลองเตย กรุงเทพมหานคร,75000,30000,"#backend,#research,#scala"
164,"Scale360 Co., Ltd.",Back-end Developer (Junior/Middle/Senior),"Middle-Level, Full time", - คลองเตย กรุงเทพมหานคร,75000,25000,"#java,#mongodb,#scala"
165,Morphosis Apps Co. Ltd.,UI Designer,"Middle-Level, Full time", - บางรัก กรุงเทพมหานคร,60000,10000,"#design,#graphic,#sketch,#ui,#wireframe"
166,Morphosis Apps Co. Ltd.,Front End Developer,"Middle-Level, Full time", - บางรัก กรุงเทพมหานคร,60000,10000,"#angular,#css,#html5,#javascript,#react"
167,Morphosis Apps Co. Ltd.,Back End Developer,"Middle-Level, Full time", - บางรัก กรุงเทพมหานคร,60000,10000,"#nodejs,#oop,#php,#python,#ruby"
168,Humanica Public Company Limited,Developer Support,"Entry-Level, Full time", - ปทุมวัน กรุงเทพมหานคร,30000,20000,"#developer,#support"
169,Humanica Public Company Limited,Software Developer (C#.Net),"Entry-Level, Full time", - ปทุมวัน กรุงเทพมหานคร,50000,20000,"#angular,#c-sharp,#javascript,#programmer,#sql"
170,ISM Technology Recruitment Ltd.,Application Support Analyst,"Middle-Level, Full time", - สาทร กรุงเทพมหานคร,90000,35000,"#java,#javascript,#mysql,#sql,#web-service"
171,HOME dot TECH,Backend developer,"Entry-Level, Full time", - ปทุมวัน กรุงเทพมหานคร,35000,25000,"#javascript,#mongodb,#nodejs"
172,"Bluebik Group Co.,Ltd.",Mobile Application Developer (Junior/Senior),"Entry-Level, Full time", - บางรัก กรุงเทพมหานคร,50000,30000,
173,"Bluebik Group Co.,Ltd.",Web Application (Frontend) Developer,"Entry-Level, Full time", - บางรัก กรุงเทพมหานคร,50000,30000,
174,"Bluebik Group Co.,Ltd.",Fullstack Developer (Junior/Senior),"Middle-Level, Full time", - บางรัก กรุงเทพมหานคร,70000,30000,"#css,#java,#javascript,#jquery,#nodejs"
175,"Bluebik Group Co.,Ltd.",Backend Developer (Junior/Senior),"Entry-Level, Full time", - บางรัก กรุงเทพมหานคร,50000,30000,
176,IDEALE CO.LTD.,Programmer,"Entry-Level, Full time", - บางนา กรุงเทพมหานคร,60000,30000,"#codeigniter,#nodejs,#php,#react,#reactjs"
177,United Nations Bangkok,React Native developer (Bangkok),"Middle-Level, Contract", -  กรุงเทพมหานคร,127001,127000,#react-native
178,Skooldio,Software Engineer,"Middle-Level, Full time", - ปทุมวัน กรุงเทพมหานคร,75000,30000,"#docker,#javascript,#mysql,#nodejs,#react"
179,Skooldio,Business Development Associate,"Entry-Level, Full time", - ปทุมวัน กรุงเทพมหานคร,75000,30000,"#business,#businessdevelopment,#sales"
180,Skooldio,Application Support,"Middle-Level, Full time", - ปทุมวัน กรุงเทพมหานคร,50000,25000,"#mysql,#nodejs,#php,#react"
181,Dek-D Interactive Co.ltd (Dek-D.COM),Linux System Engineer,"Middle-Level, Full time", - บางรัก กรุงเทพมหานคร,60000,30000,"#devops,#linux,#mongo,#network,#systemanalyst"
182,"Conicle Co., Ltd.",System Analyst,"Entry-Level, Full time", - พญาไท กรุงเทพมหานคร,60000,30000,
183,"Conicle Co., Ltd.",Backend Developer (Junior-Senior level),"Entry-Level, Full time", - พญาไท กรุงเทพมหานคร,65000,20000,
184,"Conicle Co., Ltd.",Android Developer (Junior-Senior level),"Entry-Level, Full time", - พญาไท กรุงเทพมหานคร,65000,25000,
185,IWA,System Administrator,"Middle-Level, Full time", - เมืองขอนแก่น ขอนแก่น,80000,40000,"#aws,#ci-cd,#devops,#docker,#s3"
186,IWA,Full-Stack Developer,"Senior-Level, Full time", - เมืองขอนแก่น ขอนแก่น,100000,45000,"#angularjs,#css,#html,#react,#ruby-on-rails"
187,Dot Matter,Marketing and Sales Manager,"Middle-Level, Full time", - ปทุมวัน กรุงเทพมหานคร,50000,30000,
188,Dot Matter,Front-end Developer,"Entry-Level, Full time", - ปทุมวัน กรุงเทพมหานคร,25000,20000,
189,BKKSOFTWARE,Software Developer,"Middle-Level, Full time", - ลาดพร้าว กรุงเทพมหานคร,100000,30000,"#javascript,#jquery,#laravel,#php"
190,ISM Technology Recruitment Ltd.,Business Analyst,"Middle-Level, Full time", - ทวีวัฒนา กรุงเทพมหานคร,90000,50000,"#java,#javascript,#mysql,#sql,#web-service"
191,"Icon Framework co.,Ltd.",Application Developer,"Entry-Level, Full time", - พระโขนง กรุงเทพมหานคร,32000,20000,
192,"GMO-Z.Com Cryptonomics (Thailand) Co.,Ltd.",Software Developer,"Entry-Level, Full time", - ดินแดง กรุงเทพมหานคร,70000,30000,
193,Nunnaphat Ramlee,"Web Base Application Developer (ASP.NET,#C)","Middle-Level, Full time", - บางนา กรุงเทพมหานคร,40000,20000,
194,KING POWER INTERNATIONAL GROUP,Software Tester,"Middle-Level, Full time", - พญาไท กรุงเทพมหานคร,45000,35000,"#automatedtest,#selenium,#test-case,#tester,#testing"
195,KING POWER INTERNATIONAL GROUP,SAP ABAP Developer,"Middle-Level, Full time", - พญาไท กรุงเทพมหานคร,55000,45000,"#abap,#developer,#programmer,#sap"
196,KING POWER INTERNATIONAL GROUP,Data Analyst (Python),"Middle-Level, Full time", - พญาไท กรุงเทพมหานคร,65000,55000,"#analytic,#data-science,#python"
197,ISM Technology Recruitment Ltd.,Business Intelligence Senior Analyst,"Senior-Level, Full time", - สาทร กรุงเทพมหานคร,90000,70000,
198,"MeKha CO., LTD",Full Stack Developer,"Entry-Level, Full time", - บางรัก กรุงเทพมหานคร,50000,30000,"#bootstrap,#nodejs,#php,#react-native,#symfony"
199,"MeKha CO., LTD",Senior Full Stack Developer,"Senior-Level, Full time", - บางรัก กรุงเทพมหานคร,80000,50000,"#bootstrap,#frontend,#php,#react-native,#symfony"
200,"T.D. Software Co., Ltd.",Business Analyst / System Analyst,"Entry-Level, Full time", - บางรัก กรุงเทพมหานคร,65000,50000,
201,"T.D. Software Co., Ltd.",Test Analyst / Software Tester,"Middle-Level, Contract", - บางรัก กรุงเทพมหานคร,55000,35000,
202,"T.D. Software Co., Ltd.","Programmer (RPG/400, .NET, Java, Fullstack)","Entry-Level, Full time", - บางรัก กรุงเทพมหานคร,60000,40000,
203,Laconic Technology Company Limited,Implement and Programmer ERP System,"Entry-Level, Full time", -  กรุงเทพมหานคร,20000,17000,
204,"Bualuang Securities Co., Ltd",Web Developer,"Middle-Level, Full time", - บางรัก กรุงเทพมหานคร,60000,20000,
205,"Bualuang Securities Co., Ltd",Java Developer [URGENTLY REQUIRED !!!],"Senior-Level, Full time", - บางรัก กรุงเทพมหานคร,60000,20000,
206,ECOLAB LTD.,Senior Cloud/Network Engineer,"Senior-Level, Full time", - ปทุมวัน กรุงเทพมหานคร,80000,60000,
207,"Livingsoft Co., Ltd.",Full Stack Engineer,"Entry-Level, Full time", - ราชเทวี กรุงเทพมหานคร,35000,18000,"#html,#javascript,#nodejs,#php,#wordpress"
208,"AISOFT CO.,LTD.",Android Developer 2 ตำแหน่ง,"Entry-Level, Full time", - สาทร กรุงเทพมหานคร,50000,25000,
209,"AISOFT CO.,LTD.",บัญชี 1 ตำแหน่ง,"Entry-Level, Full time", -  กรุงเทพมหานคร,30000,20000,
210,"AISOFT CO.,LTD.",.NET Developer 1 ตำแหน่ง URGENT สุดๆ,"Middle-Level, Full time", -  กรุงเทพมหานคร,50000,25000,
211,"HG Robotics Co.,Ltd",Software Test Automation Engineer(Junior-Mid),"Entry-Level, Full time", - ปทุมวัน กรุงเทพมหานคร,50000,25000,"#automatedtest,#test-case,#test-plan,#testscript,#unittest"
212,"HG Robotics Co.,Ltd",Software Engineer (Junior),"Entry-Level, Full time", - ปทุมวัน กรุงเทพมหานคร,45000,25000,"#html5,#javascript,#mongodb,#mysql,#nodejs"
213,"HG Robotics Co.,Ltd",Robotic Operation System Engineer,"Entry-Level, Full time", - ปทุมวัน กรุงเทพมหานคร,55000,25000,"#c++,#linux,#phython,#robotframework,#robotics"
214,"Asia Media Studio Co., Ltd.",Internal WordPress Developer,"Entry-Level, Full time", - คลองเตย กรุงเทพมหานคร,60000,45000,
215,Indie Dish,React JS Developer,"Middle-Level, Full time", - ปทุมวัน กรุงเทพมหานคร,60000,30000,"#react,#reactjs,#webapp"
216,KIS International School,ICT System Support Administrator,"Entry-Level, Full time", - ห้วยขวาง กรุงเทพมหานคร,30000,25000,
217,Indie Dish,Backend Developer,"Middle-Level, Full time", - ปทุมวัน กรุงเทพมหานคร,70000,40000,"#api,#aws,#backend,#go,#golang"
218,Indigy Company Limited,IT Support,"Entry-Level, Full time", - คลองเตย กรุงเทพมหานคร,18000,15000,#support
219,Indigy Company Limited,Android Developer,"Entry-Level, Full time", - คลองเตย กรุงเทพมหานคร,40000,25000,"#android,#android-studio,#fullstack,#java,#kotlin"
220,"Finnomena.Co.,Ltd.",Full Stack Developer,"Entry-Level, Full time", - บางรัก กรุงเทพมหานคร,55000,45000,"#css3,#golang,#html,#javascript,#sql"
221,WiseSoft,System Analyst / Business Analyst,"Middle-Level, Full time", - พญาไท กรุงเทพมหานคร,65000,30000,"#businessdevelopment,#etl,#java,#software-development,#systemanalysis"
222,WiseSoft,JAVA Developer,"Middle-Level, Full time", - พญาไท กรุงเทพมหานคร,60000,25000,"#angular,#java,#javascript,#sa,#spring-framework"
223,WiseSoft,ETL/BI Developer,"Middle-Level, Full time", - พญาไท กรุงเทพมหานคร,65000,30000,"#bi,#big-data,#etl,#java,#report"
224,SCB10X,Business Analyst - Product,"Entry-Level, Full time", -  กรุงเทพมหานคร,99999,29999,
225,"Nippon Sysits Co.,Ltd.",IT Support (Urgent),"Entry-Level, Full time", - ปทุมวัน กรุงเทพมหานคร,18000,15000,
226,"Choco Card Enterprise Co.,Ltd",Android Developer,"Entry-Level, Full time", - พระโขนง กรุงเทพมหานคร,40000,25000,"#android,#mobile-application"
227,Say Digital Company,QA Engineer (Mid level / Senior level),"Middle-Level, Full time", - พระโขนง กรุงเทพมหานคร,70000,35000,"#automatedtest,#manual,#qa,#testing,#web-development"
228,Say Digital Company,Senior Python Developer,"Senior-Level, Full time", - พระโขนง กรุงเทพมหานคร,60000,45000,"#agile,#django,#nosql,#python,#sql"
229,TGS Enterprise Network Limited,Programmer Internship (โปรแกรมเมอร์),"Entry-Level, Internship", - บางกะปิ กรุงเทพมหานคร,1000,1000,"#html,#javascript,#nodejs,#php,#webapp"
230,SkillLane Education,Software Engineer (React & Node),"Middle-Level, Full time", - สาทร กรุงเทพมหานคร,70000,40000,"#javascript,#mongodb,#nodejs,#reactjs"
231,SkillLane Education,Software Engineer (Ruby On Rails),"Middle-Level, Full time", - สาทร กรุงเทพมหานคร,70000,40000,#ruby-on-rails
232,"Gentosia Co., Ltd.",PHP Programmer,"Entry-Level, Full time", - คลองสาน กรุงเทพมหานคร,35000,20000,"#laravel,#mysql,#php"
233,Zensorium (Thailand) Ltd.,Mobile Developer,"Middle-Level, Full time", - คลองเตย กรุงเทพมหานคร,99999,99999,"#android,#ios,#mobile-application"
234,BKKSOFTWARE,Full stack developer,"Senior-Level, Freelance", - ลาดพร้าว กรุงเทพมหานคร,100000,30000,"#css,#html5,#javascript,#laravel,#php"
235,Zensorium (Thailand) Ltd.,Full Stack Developer,"Middle-Level, Full time", - คลองเตย กรุงเทพมหานคร,99999,99999,"#api,#backend,#fronend,#fullstack,#webpages"
236,Zensorium (Thailand) Ltd.,DevOps Engineer (Junior & Senior),"Middle-Level, Full time", - คลองเตย กรุงเทพมหานคร,99999,99999,"#aws,#ci-cd,#deploy,#git,#jenkins"
237,"Finnomena.Co.,Ltd.",Business Analyst,"Entry-Level, Full time", - บางรัก กรุงเทพมหานคร,50000,40000,
238,Eventpop,Web Developer,"Middle-Level, Full time", - วัฒนา กรุงเทพมหานคร,120000,40000,"#agile,#automatedtest,#aws,#reactjs,#ruby-on-rails"
239,Eventpop,Mobile Developer,"Middle-Level, Full time", - วัฒนา กรุงเทพมหานคร,120000,40000,"#android,#application,#ios,#kotlin,#swift"
240,Ricult,Ricult is Hiring UI/UX Designer!,"Middle-Level, Full time", - ปทุมวัน กรุงเทพมหานคร,50000,35000,#design
241,PeerPower,Software Engineer (Full-stack),"Entry-Level, Full time", - บางรัก กรุงเทพมหานคร,45000,25000,"#git,#laravel,#php,#vuejs"
242,"INNOVISOR TECH CO., LTD.",Programmer,"Entry-Level, Full time", - สาทร กรุงเทพมหานคร,40000,20000,
243,"INNOVISOR TECH CO., LTD.",Application Support,"Entry-Level, Full time", - สาทร กรุงเทพมหานคร,35000,20000,
244,Stream I.T. Consulting Ltd.,Project Manager (Software),"Middle-Level, Full time", - สาทร กรุงเทพมหานคร,95000,50000,"#leadership,#management,#negotiation,#project-management,#software-development"
245,Stream I.T. Consulting Ltd.,Software Engineer (.net),"Entry-Level, Full time", - สาทร กรุงเทพมหานคร,35000,20000,"#css,#dotnet,#sql,#sql-server,#vb.net"
246,Stream I.T. Consulting Ltd.,Systems Analyst (Java or .net),"Middle-Level, Full time", - สาทร กรุงเทพมหานคร,65000,35000,"#dotnet,#java,#javascript,#oracle-db,#vb.net"
247,Adecco (Thailand) Limited.,Front-end developer,"Middle-Level, Full time", - วัฒนา กรุงเทพมหานคร,75000,35000,"#css,#html,#javascript"
248,Tourkrub,QA Engineer (Urgent!!!),"Middle-Level, Full time", - วัฒนา กรุงเทพมหานคร,60000,30000,"#devops,#test-app,#test-plan,#tester,#testscript"
249,Tourkrub,UI/VISUAL DESIGNER,"Entry-Level, Full time", - วัฒนา กรุงเทพมหานคร,60000,20000,
250,Tourkrub,Ruby on Rails Developer,"Entry-Level, Full time", - วัฒนา กรุงเทพมหานคร,60000,20000,"#api,#javascript,#jquery,#nodejs,#ruby-on-rails"
251,"Finnomena.Co.,Ltd.",Application Support Developer,"Entry-Level, Full time", - บางรัก กรุงเทพมหานคร,55000,40000,"#css3,#html,#javascript,#laravel,#php"
252,Seekster,DevOps Engineer,"Entry-Level, Full time", - วัฒนา กรุงเทพมหานคร,75000,40000,#devops
253,Seekster,Frontend Developer,"Entry-Level, Full time", - วัฒนา กรุงเทพมหานคร,60000,30000,"#react,#react-native,#web-development,#webapp,#webdeveloper"
254,Seekster,Data Engineer,"Entry-Level, Full time", - วัฒนา กรุงเทพมหานคร,60000,30000,"#data,#data-science,#sql"
255,Boonmee Lab,Software Engineer,"Entry-Level, Full time", - บางรัก กรุงเทพมหานคร,30000,20000,"#elastic-search,#mongodb,#nodejs,#vuejs"
256,"Ek-karaj Computer Co.,ltd.",ช่างคอมพิวเตอร์ ประกอบ ลงโปรแกรม,"Entry-Level, Full time", - บางนา กรุงเทพมหานคร,20000,12000,
257,"Ek-karaj Computer Co.,ltd.",เจ้าหน้าที่ฝ่ายขายผลิตภัณฑ์และโซลูชั่น IT,"Entry-Level, Full time", - บางนา กรุงเทพมหานคร,30000,15000,
258,Adecco Recruitment (Thailand) Limited,Backend Developer (PHP on Laravel framework),"Entry-Level, Full time", - บางรัก กรุงเทพมหานคร,50000,20000,"#backend,#laravel,#php,#phython"
259,Asia one click,.NET Developer [4 positions] URGENT!,"Entry-Level, Full time", - สาทร กรุงเทพมหานคร,50000,25000,"#css3,#html5,#javascript,#sql"
260,Fluent,Frontend Developer (vue.js),"Middle-Level, Freelance", - ปทุมวัน กรุงเทพมหานคร,60000,40000,"#axios,#frontend,#vuejs,#vuex"
261,"M.B. System Automation Co., Ltd.",Developer,"Entry-Level, Full time", - วังทองหลาง กรุงเทพมหานคร,22000,22000,"#asp.net,#javascript,#php,#sql-server,#web-service"
262,Central Tech,Walk-in Interview (IT),"Entry-Level, Full time", - ยานนาวา กรุงเทพมหานคร,70000,30000,
263,Freewill Solutions,System Analyst,"Entry-Level, Full time", - สาทร กรุงเทพมหานคร,40000,25000,"#systemanalysis,#systemanalyst,#systemdesign"
264,Freewill Solutions,PLC and C# .NET Programmer Urgently Required!,"Entry-Level, Full time", - สาทร กรุงเทพมหานคร,45000,25000,"#c-sharp,#plc"
265,Freewill Solutions,SAP Consultant,"Middle-Level, Full time", - สาทร กรุงเทพมหานคร,50000,30000,"#consulting,#sap"
266,Creative Me,Development iOS / Android,"Entry-Level, Full time", - พระโขนง กรุงเทพมหานคร,28000,18000,
267,Creative Me,IT Business Analyst,"Senior-Level, Full time", - พระโขนง กรุงเทพมหานคร,55000,39000,
268,LENSOD,Software Developer (Urgent !!!),"Middle-Level, Full time", - พญาไท กรุงเทพมหานคร,50000,30000,"#docker,#javascript,#nextjs,#nodejs,#react"
269,"Icon Framework co.,Ltd.",Developer,"Entry-Level, Full time", - พระโขนง กรุงเทพมหานคร,35000,20000,
270,"Wisdom Vast Co.,Ltd.",Senior Android Developer,"Senior-Level, Full time", - บางกรวย นนทบุรี,55000,35000,"#java,#json,#kotlin,#restful,#web-service"
271,"Wisdom Vast Co.,Ltd.",Senior iOS Developer,"Senior-Level, Full time", - บางกรวย นนทบุรี,55000,35000,"#git,#ios,#restful,#swift,#web-service"
272,Gummy Bear Tech Recruitment,Senior Developer (Max 200k),"Senior-Level, Full time", - สาทร กรุงเทพมหานคร,200000,100000,"#algorithm,#blockchain,#data,#javascript,#python"
273,Ever Technologies,Sales into Account Executive,"Entry-Level, Full time", -  กรุงเทพมหานคร,40000,15000,"#communication,#pitching,#sales"
274,"Neversitup Co.,Ltd",ตามหาเพื่อนร่วมทีม iOS Developer,"Entry-Level, Full time", - บางรัก กรุงเทพมหานคร,35000,25000,"#ios,#swift"
275,"Neversitup Co.,Ltd",ตามหาเพื่อนร่วมทีม UX/UI,"Entry-Level, Full time", - บางรัก กรุงเทพมหานคร,35000,20000,"#graphic-design,#ui,#ux,#ux-ui,#wireframe"
276,SCB10X,Change Management Specialist,"Middle-Level, Full time", -  กรุงเทพมหานคร,99999,29999,#change
277,NEXPIE Co. Ltd.,Frontend Engineer,"Entry-Level, Full time", - ห้วยขวาง กรุงเทพมหานคร,30000,21000,"#css,#html5,#js,#react"
278,NEXPIE Co. Ltd.,Devops Engineer,"Entry-Level, Full time", - ห้วยขวาง กรุงเทพมหานคร,30000,21000,"#admin,#elastic-search,#kubernetes,#network,#nodejs"
279,NEXPIE Co. Ltd.,Backend Engineer,"Entry-Level, Full time", - ห้วยขวาง กรุงเทพมหานคร,30000,21000,"#api,#go,#kubernetes,#mongodb,#nodejs"
280,"Box24 Co., Ltd.",UX / UI Design,"Middle-Level, Full time", - พญาไท กรุงเทพมหานคร,45000,30000,"#adobe-xd,#html,#illustrator,#photoshop,#ux-ui"
281,"Box24 Co., Ltd.",QA,"Middle-Level, Full time", - พญาไท กรุงเทพมหานคร,30000,20000,
282,"Box24 Co., Ltd.",iOS Developer,"Middle-Level, Full time", - พญาไท กรุงเทพมหานคร,55000,35000,"#auto-layout,#mvvm,#objective-c,#swift"
283,"Box24 Co., Ltd.",Full-stack Developer,"Middle-Level, Full time", - พญาไท กรุงเทพมหานคร,35000,30000,
284,"Box24 Co., Ltd.",Frontend Developer,"Middle-Level, Full time", - พญาไท กรุงเทพมหานคร,30000,20000,"#bootstrap,#flexbox,#fronend,#git,#javascript"
285,"Box24 Co., Ltd.",C Developer,"Middle-Level, Full time", - พญาไท กรุงเทพมหานคร,40000,30000,"#c,#hardware-controller,#linux"
286,Credit OK,PHP Laravel Developer,"Middle-Level, Full time", - จตุจักร กรุงเทพมหานคร,40000,30000,"#laravel,#linux,#php,#self-awareness,#vuejs"
287,Credit OK,Senior Credit Risk Analyst,"Senior-Level, Full time", - จตุจักร กรุงเทพมหานคร,120000,80000,"#python,#r,#sas,#spss,#sql"
288,"BRID Systems Co., Ltd.",Java Programmer(Senior Level),"Senior-Level, Full time", - พญาไท กรุงเทพมหานคร,1000,1000,"#developer,#intellij,#java,#postgresql,#programmer"
289,"BRID Systems Co., Ltd.",Java Programmer(Entry Level),"Middle-Level, Full time", - พญาไท กรุงเทพมหานคร,1000,1000,"#developer,#intellij,#java,#postgresql,#programmer"
290,"BRID Systems Co., Ltd.",Java Programmer(Middle Level),"Entry-Level, Full time", - พญาไท กรุงเทพมหานคร,1000,1000,"#developer,#intellij,#java,#postgresql,#programmer"
291,"Gofive Co., Ltd.",Product Specialist (สาขาพระราม4),"Entry-Level, Full time", - คลองเตย กรุงเทพมหานคร,60000,35000,
292,"Gofive Co., Ltd.",iOS Developer (สาขาสมุทรสาคร),"Entry-Level, Full time", - เมืองสมุทรสาคร สมุทรสาคร,40000,25000,"#java,#kotlin,#objective-c,#php,#swift"
293,"Gofive Co., Ltd.",Develop/Programmer (สาขาพระราม4),"Senior-Level, Full time", - คลองเตย กรุงเทพมหานคร,50000,30000,"#agile,#asp.net,#c,#java,#oracle"
294,RICH STUDIO,รับสมัครพนักงานประจำ Back end & Front end dev,"Entry-Level, Full time", - ปากเกร็ด นนทบุรี,40000,25000,"#angular,#javascript,#nodejs,#php"
295,"Wongnai Media Co.,Ltd.","Software Engineer, Mobile (React Native)","Entry-Level, Full time", - วัฒนา กรุงเทพมหานคร,60000,30000,"#nativescript,#react-native"
296,"Wongnai Media Co.,Ltd.","Software Engineer, iOS","Entry-Level, Full time", - วัฒนา กรุงเทพมหานคร,60000,33000,"#react-native,#swift"
297,"Wongnai Media Co.,Ltd.","Software Engineer, Frontend","Entry-Level, Full time", - วัฒนา กรุงเทพมหานคร,60000,30000,"#css,#html,#javascript,#react"
298,"Wongnai Media Co.,Ltd.","Software Engineer, Android","Entry-Level, Full time", - วัฒนา กรุงเทพมหานคร,60000,30000,"#java,#kotlin"
299,"Wongnai Media Co.,Ltd.","Software Engineer, Backend","Entry-Level, Full time", - วัฒนา กรุงเทพมหานคร,60000,35000,"#algorithm,#java,#spring,#sql"
300,"Wongnai Media Co.,Ltd.",Product Manager,"Entry-Level, Full time", - วัฒนา กรุงเทพมหานคร,60000,40000,"#analytics,#design"
301,"Wongnai Media Co.,Ltd.","Software Engineer, Internal Tools","Entry-Level, Full time", - วัฒนา กรุงเทพมหานคร,60000,30000,"#django,#javascript,#nodejs,#react"
302,"Allianz Technology (Thailand) Co., Ltd.",Angular Developer (Frontend) Mid / Senior,"Middle-Level, Full time", - ห้วยขวาง กรุงเทพมหานคร,100000,40000,"#angular,#angular4,#angular5,#angularjs,#frontend"
303,"IBM Solutions Delivery Co., Ltd.",UNIX System Administrator,"Middle-Level, Full time", - พญาไท กรุงเทพมหานคร,50000,30000,"#windows,#windowserver"
304,"IBM Solutions Delivery Co., Ltd.",Network Administrator/Specialist (Urgent!),"Middle-Level, Full time", - พญาไท กรุงเทพมหานคร,60000,30000,"#ccna,#ccnp,#lan,#network,#wan"
305,"IBM Solutions Delivery Co., Ltd.",Incident and Problem Manager/Change Manager,"Middle-Level, Full time", - พญาไท กรุงเทพมหานคร,50000,35000,"#change,#incident,#problem,#process,#servicecoodinate"
306,SCB10X,Visual Designer - Marketing,"Entry-Level, Full time", -  กรุงเทพมหานคร,99999,29999,
307,SCB10X,Marketing Communications,"Middle-Level, Full time", -  กรุงเทพมหานคร,99999,29999,
308,"I.T.Applications and Services Co., Ltd",Helpdesk (SAP),"Entry-Level, Full time", - พญาไท กรุงเทพมหานคร,30000,15000,"#erp,#sap"
309,"SEC Consult (Thailand) Co., LTD.",Senior Security Consultant,"Senior-Level, Full time", - ปทุมวัน กรุงเทพมหานคร,80000,45000,"#asp.net,#c++,#informationsecurity,#java,#pentest"
310,"SEC Consult (Thailand) Co., LTD.",Associate Security Consultant,"Entry-Level, Full time", - ปทุมวัน กรุงเทพมหานคร,35000,20000,"#asp.net,#c++,#informationsecurity,#java,#pentest"
311,"SEC Consult (Thailand) Co., LTD.",IT Security Consultant,"Middle-Level, Full time", - ปทุมวัน กรุงเทพมหานคร,50000,35000,"#asp.net,#c++,#informationsecurity,#java,#pentest"
312,Getlinks (On behalf of our partners),Automation QA Engineer,"Senior-Level, Full time", - คันนายาว กรุงเทพมหานคร,100000,50000,"#mysql,#sql"
313,Getlinks (On behalf of our partners),Senior Android Engineer,"Entry-Level, Full time", - คันนายาว กรุงเทพมหานคร,160000,110000,"#java,#kotlin,#oop,#restful,#unittest"
314,Getlinks (On behalf of our partners),Junior Android developer,"Entry-Level, Full time", - จตุจักร กรุงเทพมหานคร,50000,30000,#android
315,iApp Technology,Software Presale (2 pos.),"Entry-Level, Full time", - คลองหลวง ปทุมธานี,40000,25000,"#presentation,#sales,#software-development,#software-engineer,#technical"
316,iApp Technology,Chatbot Conversation UX Designer (2 pos.),"Middle-Level, Full time", - คลองหลวง ปทุมธานี,45000,25000,"#chatbot,#content,#designer,#dialogflow,#ux-ui"
317,iApp Technology,Android Java Developers,"Middle-Level, Contract", - คลองหลวง ปทุมธานี,50000,25000,"#android,#android-studio,#developer,#java,#mobile-application"
318,iApp Technology,Software Project Manager,"Entry-Level, Full time", - คลองหลวง ปทุมธานี,40000,25000,"#agile,#cmmi,#problem-solving,#project-management,#software-engineer"
319,iApp Technology,Infrastructure + DevOps Engineer,"Entry-Level, Full time", - คลองหลวง ปทุมธานี,45000,25000,"#docker,#hosting,#infrastructure,#kubernetes,#ubuntu"
320,Getlinks (On behalf of our partners),Senior Backend Engineer,"Entry-Level, Full time", - ทวีวัฒนา กรุงเทพมหานคร,100000,70000,"#golang,#nodejs,#php,#python,#restful"
321,Getlinks (On behalf of our partners),Front-End Software Engineer,"Entry-Level, Full time", - จตุจักร กรุงเทพมหานคร,50000,30000,"#css3,#html5,#javascript,#linux,#reactjs"
322,iApp Technology,Chatbot JS Fullstack Developer (2 pos.),"Middle-Level, Full time", - คลองหลวง ปทุมธานี,50000,25000,"#developer,#dialogflow,#fullstack,#javascript,#nodejs"
323,iApp Technology,Javascript Full Stack Developer (6 positions),"Middle-Level, Full time", - คลองหลวง ปทุมธานี,40000,25000,"#expressjs,#mongodb,#nodejs,#web-api,#web-development"
324,Getlinks (On behalf of our partners),iOS engineer,"Middle-Level, Full time", - คลองสามวา กรุงเทพมหานคร,90000,50000,"#ios,#restful"
325,"Ring Zero (Thailand) Co.,LTD.",PHP Laravel พิกัด BTS/MRT อโศก ราคา 50-70K,"Senior-Level, Full time", - ดินแดง กรุงเทพมหานคร,70000,50000,
326,"M.B. System Automation Co., Ltd.",Developer,"Entry-Level, Full time", - วังทองหลาง กรุงเทพมหานคร,22000,22000,"#asp.net,#javascript,#php,#sql-server,#web-service"
327,Impressius,Node.js Software Developer,"Middle-Level, Full time", - วัฒนา กรุงเทพมหานคร,70000,40000,"#amazon-web-services,#java,#javascript,#linux,#nodejs"
328,Getlinks (On behalf of our partners),Senior Backend Engineer,"Middle-Level, Full time", - คันนายาว กรุงเทพมหานคร,90000,50000,"#asp.net,#rdbms,#sql"
329,Getlinks (On behalf of our partners),Data Scientist,"Middle-Level, Full time", - คันนายาว กรุงเทพมหานคร,100000,80000,"#python,#r,#sql"
330,Nimble,Talent Manager,"Senior-Level, Full time", - คลองเตย กรุงเทพมหานคร,80000,60000,"#business,#technology"
331,Nimble,Senior Web Developer,"Senior-Level, Full time", - คลองเตย กรุงเทพมหานคร,150000,80000,"#go,#javascript,#ruby"
332,Nimble,Senior iOS Developer,"Senior-Level, Full time", - คลองเตย กรุงเทพมหานคร,150000,80000,"#ios,#objective-c,#swift"
333,Berli Jucker Public Company Limited,Network Engineer,"Middle-Level, Full time", - คลองเตย กรุงเทพมหานคร,45000,30000,
334,Berli Jucker Public Company Limited,SAP Implementation,"Middle-Level, Full time", - คลองเตย กรุงเทพมหานคร,100000,50000,
335,Berli Jucker Public Company Limited,Application Support (QAD),"Middle-Level, Full time", - คลองเตย กรุงเทพมหานคร,55000,45000,
336,"Gentosia Co., Ltd.",Web Graphic Design,"Entry-Level, Full time", -  กรุงเทพมหานคร,30000,15000,"#css,#html5,#photoshop"
337,System Stone,Full Stack Developer จำนวน 4 อัตรา,"Entry-Level, Full time", -  กรุงเทพมหานคร,24000,20000,
338,Hexagon Labs,Graphic Designer,"Entry-Level, Full time", - พระโขนง กรุงเทพมหานคร,30000,20000,
339,Hexagon Labs,Content Creator / Content Specialist,"Entry-Level, Full time", - พระโขนง กรุงเทพมหานคร,30000,20000,
340,"Buzzwoo Asia Co., Ltd.",Senior Frontend Developer (HTML/CSS/Angular),"Senior-Level, Full time", - เมืองเชียงใหม่ เชียงใหม่,50000,25000,"#angular,#css,#html,#javascript,#react"
341,"Home Buyers Guide Co.,Ltd.",Senior Website Manager,"Senior-Level, Full time", - จตุจักร กรุงเทพมหานคร,50000,30000,"#css,#javascript,#seo,#sql,#ux-ui"
342,PeerPower,Senior Software Engineer (Full-stack),"Entry-Level, Full time", - บางรัก กรุงเทพมหานคร,90000,50000,"#design-pattern,#laravel,#microservices,#vuejs"
343,NVK48 Limited Company,Junior front-end web developer,"Entry-Level, Full time", - จตุจักร กรุงเทพมหานคร,30000,20000,
344,"Four One One Ecommerce Co., Ltd.",Mobile Developer (Android/iOS),"Middle-Level, Full time", - ปทุมวัน กรุงเทพมหานคร,70000,40000,"#jsp,#junit,#objective-c,#rxjava,#swift"
345,"Four One One Ecommerce Co., Ltd.",Web Developer - Java (spring framework),"Entry-Level, Full time", - ปทุมวัน กรุงเทพมหานคร,70000,40000,"#java,#oracle,#spring-framework"
346,"Four One One Ecommerce Co., Ltd.",Server Infrastructure (AWS) ต้องการด่วน,"Middle-Level, Full time", - ปทุมวัน กรุงเทพมหานคร,70000,40000,"#aws,#infrastructure,#linux"
347,Siam Commercial Bank Public Company Limited,Technology- Java Developer,"Entry-Level, Full time", - จตุจักร กรุงเทพมหานคร,1000,1000,"#ejb,#hibernate,#j2ee,#java"
348,Niceloop,Mobile Developer,"Entry-Level, Full time", - ห้วยขวาง กรุงเทพมหานคร,35000,20000,"#android,#flutter,#java,#react-native"
349,Niceloop,Frontend Developer,"Entry-Level, Full time", - ห้วยขวาง กรุงเทพมหานคร,35000,20000,"#android,#aws,#javascript,#nodejs,#reactjs"
350,KKF International Group,Software Developer (PLC/SCADA),"Entry-Level, Full time", - เมืองขอนแก่น ขอนแก่น,40000,20000,
351,Creative Me,Web Developer,"Senior-Level, Full time", - พระโขนง กรุงเทพมหานคร,55000,40000,
352,Outsourcing Factory Company Limited,PHP Programmer,"Entry-Level, Full time", - บางกะปิ กรุงเทพมหานคร,30000,20000,
353,Solunic,JAVA Programmer,"Entry-Level, Full time", -  กรุงเทพมหานคร,60000,30000,"#css,#java,#programmer,#software-development"
354,"Flipay Co., Ltd.",Senior Software Engineer,"Senior-Level, Full time", - ปทุมวัน กรุงเทพมหานคร,120000,60000,"#backend,#cryptocurrency,#elixir,#functional,#ruby"
355,MFEC Public Company Limited,MFEC Career Day 2019,"Entry-Level, Full time", - จตุจักร กรุงเทพมหานคร,70000,25000,
356,"Voova Group Co.,Ltd.",Mobile App Developer,"Senior-Level, Full time", - บางละมุง ชลบุรี,35000,15000,
357,"Voova Group Co.,Ltd.",Senior PHP Programmer,"Senior-Level, Full time", - บางละมุง ชลบุรี,50000,25000,
358,"Voova Group Co.,Ltd.",Quality Assurance (QA) Software Tester,"Senior-Level, Full time", - บางละมุง ชลบุรี,35000,15000,
359,REFINITIV,Network Performance Engineer,"Middle-Level, Full time", - บางรัก กรุงเทพมหานคร,99999,99999,
360,"The BRS Co., Ltd.",Frontend Developers,"Entry-Level, Full time", - สาทร กรุงเทพมหานคร,50000,30000,
361,sakka rin,ดูแลเว็ป,"Entry-Level, Part time", - จตุจักร กรุงเทพมหานคร,15000,12000,#php
362,ExxonMobil Limited,Azure Cloud Engineer,"Entry-Level, Full time", - บางรัก กรุงเทพมหานคร,60000,30000,"#agile,#azure,#cloud,#consulting,#devops"
363,KG Information System (Thailand),RPA Developer (UIPath / Blueprism),"Entry-Level, Full time", - สาทร กรุงเทพมหานคร,100000,30000,"#blueprism,#rpa,#uipath"
364,Outsourcing Factory Company Limited,PHP Programmer,"Middle-Level, Full time", - ลาดพร้าว กรุงเทพมหานคร,35000,20000,"#css,#html5,#javascript,#mysql,#php"
365,"Senna Labs Co., Ltd.",Rails Developer,"Middle-Level, Full time", - ปทุมวัน กรุงเทพมหานคร,100000,25000,"#developer,#ruby-on-rails,#web-service-development,#webdeveloper"
366,"Senna Labs Co., Ltd.",IOS/Android Developer,"Middle-Level, Full time", - ปทุมวัน กรุงเทพมหานคร,100000,25000,"#android,#developer,#ios,#web-development,#webdeveloper"
367,"Senna Labs Co., Ltd.",UI/UX Designers,"Entry-Level, Contract", - ปทุมวัน กรุงเทพมหานคร,100000,25000,"#graphic-design,#ui,#uiuxdesigner,#ux,#ux-ui"
368,"BluePI Co., Ltd.",Software Engineer,"Entry-Level, Full time", - สาทร กรุงเทพมหานคร,100000,50000,"#golang,#java,#web-api,#web-design,#web-service-development"
369,"BluePI Co., Ltd.",Data Scientist,"Entry-Level, Full time", - สาทร กรุงเทพมหานคร,100000,50000,"#analytics,#big-data,#data-science,#databasedesign,#web-service-development"
370,"Defense Me Co.,Ltd.","Senior Developer (NodeJS, Angular, etc)","Middle-Level, Full time", - จตุจักร กรุงเทพมหานคร,50000,30000,"#angular,#docker,#ionic,#javascript,#nodejs"
371,"Defense Me Co.,Ltd.",UI/UX Designer,"Entry-Level, Full time", - จตุจักร กรุงเทพมหานคร,40000,20000,"#css3,#design,#figma,#illustrator,#photoshop"
372,"Ring Zero (Thailand) Co.,LTD.",Full Stack Developer (Onsite ย๊าวๆ ที่อโศก),"Entry-Level, Contract", - ดินแดง กรุงเทพมหานคร,65000,40000,
373,"Nippon Sysits Co.,Ltd.",Programmer รับ 5 คน (Urgent),"Entry-Level, Full time", - สาทร กรุงเทพมหานคร,20000,15000,
374,SCB10X,Data Scientist,"Entry-Level, Full time", - จตุจักร กรุงเทพมหานคร,149999,49999,"#machine-learning,#pyspark,#python,#sql,#tensorflow"
375,"Digithun Worldwide Co., Ltd.",Product Specialist or Project Manager,"Entry-Level, Full time", - วัฒนา กรุงเทพมหานคร,45000,25000,
376,"Thai Vietjet Air Joint Stock Co.,Ltd.",นักศึกษาฝึกงาน (IT Support),"Entry-Level, Internship", - บางพลี สมุทรปราการ,1100,1000,
377,"Thai Vietjet Air Joint Stock Co.,Ltd.",Network Engineer (Junior),"Entry-Level, Full time", - บางพลี สมุทรปราการ,20000,18000,"#cisco,#cloud-engineer,#network"
378,"Thai Vietjet Air Joint Stock Co.,Ltd.",IT Support (Junior),"Entry-Level, Full time", - บางพลี สมุทรปราการ,20000,18000,"#network,#support,#windows"
379,Carro (Thailand) Company Limited,Engineering Manager (Web Application),"Senior-Level, Full time", - จตุจักร กรุงเทพมหานคร,120000,60000,"#aws,#cloud,#javascript,#php"
380,"Digithun Worldwide Co., Ltd.",Full-Stack Developer,"Middle-Level, Full time", - วัฒนา กรุงเทพมหานคร,60000,30000,
381,"Digithun Worldwide Co., Ltd.",Mobile App Developer (iOS and Android),"Middle-Level, Full time", - วัฒนา กรุงเทพมหานคร,60000,30000,
382,KKF International Group,ผู้ช่วย Programmer,"Entry-Level, Full time", - เมืองขอนแก่น ขอนแก่น,30000,18000,
383,KKF International Group,Programmer,"Middle-Level, Full time", - เมืองขอนแก่น ขอนแก่น,41000,21000,
384,"Pannomena Co.,Ltd",Graphics Design 1 ตำแหน่ง,"Entry-Level, Full time", - จตุจักร กรุงเทพมหานคร,30000,15000,
385,Gummy Bear Tech Recruitment,Junior Python Developer (Max 50k),"Entry-Level, Full time", - ดินแดง กรุงเทพมหานคร,500000,30000,#python
386,Siam Commercial Bank Public Company Limited,Technology - Business Analyst (Payment Hub),"Entry-Level, Full time", - จตุจักร กรุงเทพมหานคร,1000,1000,#opf
387,Siam Commercial Bank Public Company Limited,SCB Digital Banking 3 Positions Opening!,"Entry-Level, Full time", - จตุจักร กรุงเทพมหานคร,1000,1000,"#automation,#espresso,#java,#kotlin,#springboot"
388,DezpaX,Software Developer (SCG),"Middle-Level, Full time", - บางซื่อ กรุงเทพมหานคร,60000,40000,
389,"Taskworld Co.,Ltd",Web Designer,"Middle-Level, Full time", - ปทุมวัน กรุงเทพมหานคร,70000,40000,"#digital-design,#sketch,#web-design"
390,"Taskworld Co.,Ltd",Quality Assurance Engineer,"Middle-Level, Full time", - ปทุมวัน กรุงเทพมหานคร,80000,40000,"#automatedtest,#qa,#quality,#testing,#tooling"
391,"Taskworld Co.,Ltd",Software Engineer,"Middle-Level, Full time", - ปทุมวัน กรุงเทพมหานคร,100000,50000,"#javascript,#nodejs,#reactjs"
392,officemate,"Senior Programmer, Programmer","Entry-Level, Full time", - บางกะปิ กรุงเทพมหานคร,45000,22000,"#c-sharp,#java,#python,#vb.net"
393,"Biosci(Thailand) Co., Ltd.",Web developer,"Entry-Level, Full time", - คลองหลวง ปทุมธานี,45000,15000,"#css,#css3,#html,#javascript,#jquery"
394,"Biosci(Thailand) Co., Ltd.",iOS Developer,"Entry-Level, Full time", - คลองหลวง ปทุมธานี,45000,15000,"#api,#application,#developer,#ios"
395,"Biosci(Thailand) Co., Ltd.",Android Developer,"Entry-Level, Full time", - คลองหลวง ปทุมธานี,45000,15000,"#android,#api,#developer,#uml,#wireframe"
396,"FlowAccount Co., Ltd.",UX/UI Designer,"Entry-Level, Full time", - บางรัก กรุงเทพมหานคร,50000,20000,"#agile,#css,#material-design,#sketch"
397,Stamp Application,นักศึกษาฝึกงาน (2 ตำแหน่ง),"Entry-Level, Full time", - บางรัก กรุงเทพมหานคร,3000,1000,"#html,#php,#react,#react-native"
398,Stamp Application,Mobile Application Developer,"Entry-Level, Full time", - บางรัก กรุงเทพมหานคร,55000,20000,"#react,#react-native"
399,Stamp Application,Full Stack Web Developer,"Entry-Level, Full time", - บางรัก กรุงเทพมหานคร,50000,20000,"#javascript,#php"
400,Hytexts Interactive Limited,Front-End Developer [Urgent],"Entry-Level, Full time", - จตุจักร กรุงเทพมหานคร,40000,20000,"#css3,#html5,#javascript,#oop,#xml"
401,Hytexts Interactive Limited,Back-End Developer [Urgent],"Middle-Level, Full time", - จตุจักร กรุงเทพมหานคร,50000,25000,"#backend,#golang,#javascript,#mongodb,#nodejs"
402,"Petchem Supply Co., Ltd.",IT Support (1 Position),"Middle-Level, Full time", - บางเขน กรุงเทพมหานคร,42000,32000,
403,Tourkrub,Senior Software Developer,"Senior-Level, Full time", - วัฒนา กรุงเทพมหานคร,120000,50000,"#devops,#infra,#systemdesign,#web-design,#web-service"
404,Tourkrub,SENIOR UI DESIGNER,"Senior-Level, Full time", - วัฒนา กรุงเทพมหานคร,50000,30000,
405,"Telogic Telecom (Thailand) Co., Ltd",Node.js Software Developer,"Entry-Level, Full time", - พญาไท กรุงเทพมหานคร,40000,20000,"#javascript,#linux,#mongodb,#nodejs,#restful"
406,"Telogic Telecom (Thailand) Co., Ltd",System Analyst,"Middle-Level, Full time", - พญาไท กรุงเทพมหานคร,70000,50000,"#c,#java,#javascript,#mongodb,#nodejs"
407,"Bighead Creative Co.,ltd.",Tester จำนวน 1 ท่าน,"Senior-Level, Full time", - ลำลูกกา ปทุมธานี,40000,25000,
408,"Bighead Creative Co.,ltd.",System Analyst จำนวน 1 ท่าน,"Middle-Level, Full time", - ลำลูกกา ปทุมธานี,45000,25000,
409,"Bighead Creative Co.,ltd.",Developers จำนวน 3 ท่าน,"Middle-Level, Full time", - ลำลูกกา ปทุมธานี,70000,25000,
410,Golden Land Property Development PLC,System Engineer,"Middle-Level, Full time", - บางรัก กรุงเทพมหานคร,55000,35000,"#linux,#mssql,#vmware,#windowserver"
411,Golden Land Property Development PLC,Software Developer,"Middle-Level, Full time", - บางรัก กรุงเทพมหานคร,45000,30000,"#c-sharp,#dotnet,#mysql,#oracle,#soap"
412,"LAMUNPUN IT Co., Ltd.",Full Stack Web Developer,"Entry-Level, Full time", - สะพานสูง กรุงเทพมหานคร,40000,25000,"#aws,#gcp,#k8s,#python,#vuejs"
413,Golden Land Property Development PLC,Software Application Support,"Entry-Level, Full time", - บางรัก กรุงเทพมหานคร,40000,23000,"#crm,#erp,#rdbms,#sap"
414,"LAMUNPUN IT Co., Ltd.",IT Support/Tester,"Entry-Level, Full time", - สะพานสูง กรุงเทพมหานคร,20000,15000,"#microsoftoffice,#photoshop"
415,TimesConsult,Content Writer / Copywriter,"Entry-Level, Full time", - จตุจักร กรุงเทพมหานคร,80000,60000,
416,"FlowAccount Co., Ltd.",Software Tester / QA Engineer (Urgent!!),"Middle-Level, Full time", - บางรัก กรุงเทพมหานคร,50000,20000,"#automatedtest,#php,#python,#ruby,#test-case"
417,"FlowAccount Co., Ltd.",Front End Developer,"Entry-Level, Full time", - บางรัก กรุงเทพมหานคร,50000,20000,"#angular2,#css,#html,#javascript,#pwa"
418,"FlowAccount Co., Ltd.",Full Stack Developer,"Entry-Level, Full time", - บางรัก กรุงเทพมหานคร,70000,35000,"#angular4,#aws,#json,#mssql,#nodejs"
419,"FlowAccount Co., Ltd.",Android Developer,"Middle-Level, Full time", - บางรัก กรุงเทพมหานคร,50000,20000,"#android,#git,#java"
420,"FlowAccount Co., Ltd.",iOS Developer (Urgent!!),"Middle-Level, Full time", - บางรัก กรุงเทพมหานคร,50000,20000,"#firebase,#ios,#mvc,#swift"
421,deephead.com,React Developer,"Middle-Level, Full time", -  กรุงเทพมหานคร,50000,25000,
422,deephead.com,Software Developer,"Entry-Level, Full time", - หลักสี่ กรุงเทพมหานคร,30000,15000,
423,"Choco Card Enterprise Co.,Ltd",iOS Developer,"Entry-Level, Full time", - พระโขนง กรุงเทพมหานคร,40000,25000,"#ios,#mobile-application,#swift"
424,"AMORE IT CONSULT CO., LTD.",C#/.NET PROGRAMMER,"Middle-Level, Contract", - จตุจักร กรุงเทพมหานคร,50000,20000,"#c-sharp,#css,#html5,#pl-sql,#vb.net"
425,"AMORE IT CONSULT CO., LTD.",System Analyst/ Business Analyst.,"Entry-Level, Full time", - จตุจักร กรุงเทพมหานคร,50000,30000,"#analytics,#big-data,#data-science,#erp,#sa"
426,"Depth First Co., Ltd.",Java Developer (Junior/Senior) @ CNX,"Entry-Level, Full time", - เมืองเชียงใหม่ เชียงใหม่,50000,18000,"#application,#java,#spring-framework,#struts"
427,"Depth First Co., Ltd.",Java Developer (Junior/Senior) @BKK,"Entry-Level, Full time", - วัฒนา กรุงเทพมหานคร,50000,18000,"#j2ee,#java,#javascript,#spring-framework,#struts"
428,"Depth First Co., Ltd.",System Analyst,"Middle-Level, Full time", - วัฒนา กรุงเทพมหานคร,50000,30000,"#spring-framework,#struts,#systemanalysis,#systemanalyst,#web-service-development"
429,I GEAR GEEK,Web Developer,"Entry-Level, Full time", - เมืองเชียงใหม่ เชียงใหม่,35000,18000,"#html,#javascript,#laravel,#php,#react"
430,"Tek Def Co., Ltd.",Affiliate Coordinator,"Entry-Level, Full time", - บางละมุง ชลบุรี,35000,20000,"#affiliate,#bdm,#sale"
431,"Tek Def Co., Ltd.",Sales and Marketing Operations Coordinator,"Entry-Level, Full time", - บางละมุง ชลบุรี,35000,25000,
432,"Tek Def Co., Ltd.",SEO Specialist,"Entry-Level, Full time", - บางละมุง ชลบุรี,40000,20000,"#contentmarketing,#seo"
433,ISSOFT,UI/UX Designer,"Entry-Level, Full time", - จตุจักร กรุงเทพมหานคร,35000,20000,"#adobe-xd,#design-thinking,#sketch,#user-research,#zeplin"
434,"EWIT Co.,ltd.",Graphic Designer Officer / Sr.,"Entry-Level, Full time", - บางรัก กรุงเทพมหานคร,28000,20000,
435,"EWIT Co.,ltd.",Web Developer,"Entry-Level, Full time", - บางรัก กรุงเทพมหานคร,28000,20000,
436,"EWIT Co.,ltd.",Copywriter & Content Editor,"Middle-Level, Full time", - บางรัก กรุงเทพมหานคร,28000,20000,
437,Getlinks (On behalf of our partners),Full Stack Engineer (Remote work),"Senior-Level, Full time", - คลองเตย กรุงเทพมหานคร,100000,55000,"#django,#flask,#javascript,#mysql,#python"
438,Getlinks (On behalf of our partners),PHP Senior Web Developer,"Entry-Level, Full time", - บางรัก กรุงเทพมหานคร,80000,40000,"#angular,#laravel,#nodejs,#php,#react"
439,Getlinks (On behalf of our partners),Sr. Software Engineer-Front-end/Full Stack,"Senior-Level, Full time", - บางพลัด กรุงเทพมหานคร,100000,60000,"#css,#html,#javascript,#react,#restful"
440,"WebTVAsia Co., Ltd. (Bangkok Thailand)",Account Executive (AE),"Middle-Level, Full time", - บางเขน กรุงเทพมหานคร,50000,20000,"#account-management,#marketing,#sale"
441,"M.B. System Automation Co., Ltd.",Developer,"Entry-Level, Full time", - ลาดพร้าว กรุงเทพมหานคร,22000,22000,"#asp.net,#javascript,#php,#sql-server,#web-service"
442,Backyard,Junior Back-End Engineer,"Entry-Level, Full time", - สาทร กรุงเทพมหานคร,30000,20000,"#flask,#html,#python"
443,Backyard,Junior Front-End Engineer,"Entry-Level, Full time", - สาทร กรุงเทพมหานคร,30000,20000,"#css,#html,#javascript,#vuejs,#web-service"
444,"Socket 9 Co., Ltd.",Senior Back-end web developer,"Senior-Level, Full time", -  กรุงเทพมหานคร,50000,35000,"#c-sharp,#golang,#php"
445,"Socket 9 Co., Ltd.",Front-end web developer,"Entry-Level, Full time", -  กรุงเทพมหานคร,30000,20000,"#bootstrap,#react"
446,"Socket 9 Co., Ltd.",Senior Account Executive,"Middle-Level, Full time", -  กรุงเทพมหานคร,30000,20000,#sales
447,"Bighead Creative Co.,ltd.",Business Analyst จำนวน 1 ท่าน,"Middle-Level, Full time", - ลำลูกกา ปทุมธานี,55000,25000,
448,Taamkru Ltd.,Software Engineer,"Middle-Level, Full time", - วัฒนา กรุงเทพมหานคร,40000,24000,"#javascript,#mysql,#python,#react,#react-native"
449,"Digital Ventures Co., Ltd.",Java Developer,"Entry-Level, Full time", - คลองเตย กรุงเทพมหานคร,90000,25000,
450,DailiTech,Cloud Solution Engineer - AWS (Junior/Senior),"Entry-Level, Full time", - ราชเทวี กรุงเทพมหานคร,40000,20000,"#aws,#cloud-engineer,#engineering,#software-engineer"
451,Tourkrub,Front-End Developer (Urgent!!!!),"Middle-Level, Full time", - วัฒนา กรุงเทพมหานคร,70000,20000,"#github,#javascript,#nodejs,#react-native,#ruby-on-rails"
